Enrollment,Name,Date,Time
123,['Aarya' 'Aarya' 'Aarya' 'Aarya' 'Aarya' 'Aarya' 'Aarya' 'Aarya'],2023-01-04,10:11:05
123,"['Aarya' 'Aarya' 'Aarya' 'Aarya' 'Aarya' 'Aarya' 'Aarya' 'Aarya' 'Aarya'
 'Aarya' 'Aarya' 'Aarya' 'Aarya']",2023-02-16,11:31:42
789,['Harsh'],2023-02-24,12:41:15
123,"['Aarya' 'Aarya' 'Aarya' 'Aarya' 'Aarya' 'Aarya' 'Aarya' 'Aarya' 'Aarya'
 'Aarya' 'Aarya' 'Aarya' 'Aarya' 'Aarya' 'Aarya' 'Aarya']",2023-02-24,12:41:23
123,"['Aarya' 'Aarya' 'Aarya' 'Aarya' 'Aarya' 'Aarya' 'Aarya' 'Aarya' 'Aarya'
 'Aarya' 'Aarya' 'Aarya' 'Aarya' 'Aarya' 'Aarya' 'Aarya' 'Aarya' 'Aarya'
 'Aarya']",2023-03-17,12:41:24
123,"['Aarya' 'Aarya' 'Aarya' 'Aarya' 'Aarya' 'Aarya' 'Aarya' 'Aarya' 'Aarya'
 'Aarya' 'Aarya' 'Aarya']",2023-02-04,13:12:57
456,['Yash'],2023-02-04,15:12:57
789,['Harsh'],2023-02-10,13:55:39
123,"['Aarya' 'Aarya' 'Aarya' 'Aarya' 'Aarya' 'Aarya' 'Aarya' 'Aarya' 'Aarya'
 'Aarya' 'Aarya' 'Aarya' 'Aarya']",2023-02-16,10:41:07
123,"['Aarya' 'Aarya' 'Aarya' 'Aarya' 'Aarya' 'Aarya' 'Aarya' 'Aarya' 'Aarya'
 'Aarya' 'Aarya' 'Aarya' 'Aarya']",2023-02-16,10:54:48
123,"['Aarya' 'Aarya' 'Aarya' 'Aarya' 'Aarya' 'Aarya' 'Aarya' 'Aarya' 'Aarya'
 'Aarya' 'Aarya' 'Aarya' 'Aarya']",2023-02-16,11:04:19
123,"['Aarya' 'Aarya' 'Aarya' 'Aarya' 'Aarya' 'Aarya' 'Aarya' 'Aarya' 'Aarya'
 'Aarya' 'Aarya' 'Aarya' 'Aarya']",2023-02-16,11:24:44
123,"['Aarya' 'Aarya' 'Aarya' 'Aarya' 'Aarya' 'Aarya' 'Aarya' 'Aarya' 'Aarya'
 'Aarya' 'Aarya' 'Aarya' 'Aarya']",2023-02-16,11:28:56
123,"['Aarya' 'Aarya' 'Aarya' 'Aarya' 'Aarya' 'Aarya' 'Aarya' 'Aarya' 'Aarya'
 'Aarya' 'Aarya' 'Aarya' 'Aarya' 'Aarya']",2023-02-21,11:18:57
123,"['Aarya' 'Aarya' 'Aarya' 'Aarya' 'Aarya' 'Aarya' 'Aarya' 'Aarya' 'Aarya'
 'Aarya' 'Aarya' 'Aarya' 'Aarya' 'Aarya' 'Aarya']",2023-02-22,11:05:17
123,"['Aarya' 'Aarya' 'Aarya' 'Aarya' 'Aarya' 'Aarya' 'Aarya' 'Aarya' 'Aarya'
 'Aarya' 'Aarya' 'Aarya' 'Aarya' 'Aarya' 'Aarya']",2023-02-23,11:30:36
123,"['Aarya' 'Aarya' 'Aarya' 'Aarya' 'Aarya' 'Aarya' 'Aarya' 'Aarya' 'Aarya'
 'Aarya' 'Aarya' 'Aarya' 'Aarya' 'Aarya' 'Aarya' 'Aarya']",2023-02-24,11:48:36
456,['Yash'],2023-02-24,12:29:35
123,"['Aarya' 'Aarya' 'Aarya' 'Aarya' 'Aarya' 'Aarya' 'Aarya' 'Aarya' 'Aarya'
 'Aarya' 'Aarya' 'Aarya' 'Aarya' 'Aarya' 'Aarya' 'Aarya' 'Aarya']",2023-02-27,11:11:38
123,"['Aarya' 'Aarya' 'Aarya' 'Aarya' 'Aarya' 'Aarya' 'Aarya' 'Aarya' 'Aarya'
 'Aarya' 'Aarya' 'Aarya' 'Aarya' 'Aarya' 'Aarya' 'Aarya' 'Aarya' 'Aarya'
 'Aarya']",2023-03-01,15:00:42
123,"['Aarya' 'Aarya' 'Aarya' 'Aarya' 'Aarya' 'Aarya' 'Aarya' 'Aarya' 'Aarya'
 'Aarya' 'Aarya' 'Aarya' 'Aarya' 'Aarya' 'Aarya' 'Aarya' 'Aarya' 'Aarya'
 'Aarya']",2023-03-17,12:37:01
123,"['Aarya' 'Aarya' 'Aarya' 'Aarya' 'Aarya' 'Aarya' 'Aarya' 'Aarya' 'Aarya'
 'Aarya' 'Aarya' 'Aarya' 'Aarya' 'Aarya' 'Aarya' 'Aarya' 'Aarya' 'Aarya'
 'Aarya']",2023-03-17,12:54:54
456,['Yash'],2023-03-17,12:54:58
